slug,address,town,price,status,bedrooms,bathrooms,size_sqft,year_built,property_type,needs_data,source_folder,state,county,zip,lot_size,heating,parking,description,featured_image,mls_ref,flags,source
adam-s-hill-rd-2-cross-river,Adam's Hill Rd,Cross River,,,,,,,house,true,Adam_s Hill Rd (#2) - Cross River,NY,Westchester,,,,,,,2,,
ashwood-road-19-south-salem,Ashwood Road,South Salem,,,,,,,house,true,Ashwood Road (#19) - South Salem,NY,Westchester,,,,,,assets/properties/ashwood-road-19-south-salem/01.jpg,19,,
aspinwall-rd-107-briarcliff-manor,Aspinwall Rd,Briarcliff Manor,,,,,,,house,true,Aspinwall Rd (#107) - Briarcliff Manor,NY,Westchester,,,,,,assets/properties/aspinwall-rd-107-briarcliff-manor/01.jpg,107,,
aspinwall-rd-95-briarcliff-manor,Aspinwall Rd,Briarcliff Manor,,,,,,,house,true,Aspinwall Rd (#95) - Briarcliff Manor,NY,Westchester,,,,,,assets/properties/aspinwall-rd-95-briarcliff-manor/01.jpg,95,,
austin-hill-rd-37-pound-ridge,Austin Hill Rd,Pound Ridge,,,,,,,house,true,Austin Hill Rd (#37) - Pound Ridge,NY,Westchester,,,,,,assets/properties/austin-hill-rd-37-pound-ridge/01.jpg,37,,
austin-place-32-briarcliff-manor,Austin Place,Briarcliff Manor,,,,,,,house,true,Austin Place (#32) - Briarcliff Manor,NY,Westchester,,,,,,assets/properties/austin-place-32-briarcliff-manor/01.jpg,32,,
austin-place-33-briarcliff-manor,Austin Place,Briarcliff Manor,,,,,,,house,true,Austin Place (#33) - Briarcliff Manor,NY,Westchester,,,,,,assets/properties/austin-place-33-briarcliff-manor/01.jpg,33,,
austin-place-9-briarcliff-manor,Austin Place,Briarcliff Manor,,,,,,,house,true,Austin Place (#9) - Briarcliff Manor,NY,Westchester,,,,,,assets/properties/austin-place-9-briarcliff-manor/01.jpg,9,,
autumn-ridge-rd-27-pound-ridge,Autumn Ridge Rd,Pound Ridge,,,,,,,house,true,Autumn Ridge Rd (#27) - Pound Ridge,NY,Westchester,,,,,,assets/properties/autumn-ridge-rd-27-pound-ridge/01.jpg,27,,
barry-court-7-bedford,Barry Court,Bedford,,,,,,,house,true,Barry Court (#7) - Bedford,NY,Westchester,,,,,,assets/properties/barry-court-7-bedford/01.jpg,7,,
bretton-ridge-rd-35-mt-kisco,Bretton Ridge Rd,Mt Kisco,,,,,,,house,true,Bretton Ridge Rd (#35) - Mt Kisco,NY,Westchester,,,,,,,35,,
brundige-drive-19-goldens-bridge,Brundige Drive,Goldens Bridge,,,,,,,house,true,Brundige Drive (#19) - Goldens Bridge,NY,Westchester,,,,,,assets/properties/brundige-drive-19-goldens-bridge/01.jpg,19,,
brundige-drive-46-goldens-bridge,Brundige Drive,Goldens Bridge,,,,,,,house,true,Brundige Drive (#46) - Goldens Bridge,NY,Westchester,,,,,,,46,,
carpenter-way-4-armonk,Carpenter Way,Armonk,,,,,,,house,true,Carpenter Way (#4) - Armonk,NY,Westchester,,,,,,,4,,
castle-hill-unit-2d-bedford-hills-condo,Castle Hill unit 2D,Bedford Hills,,,,,,,condo,true,Castle Hill - unit 2D - Bedford Hills condo,NY,Westchester,,,,,,,,,
cedar-woods-unit-114-co-op-in-goldens-bridge,Cedar Woods unit 114,Goldens Bridge,,,,,,,co-op,true,Cedar Woods - unit 114 (co-op in Goldens Bridge),NY,Westchester,,,,,,,,,
cedar-woods-unit-118-co-op-in-goldens-bridge,Cedar Woods unit 118,Goldens Bridge,,,,,,,co-op,true,Cedar Woods - unit 118 (co-op in Goldens Bridge),NY,Westchester,,,,,,,,,
cedar-woods-unit-203-co-op-in-goldens-bridge,Cedar Woods unit 203,Goldens Bridge,,,,,,,co-op,true,Cedar Woods - unit 203 (co-op in Goldens Bridge),NY,Westchester,,,,,,assets/properties/cedar-woods-unit-203-co-op-in-goldens-bridge/01.jpg,,,
cedar-woods-unit-204-co-op-in-goldens-bridge,Cedar Woods unit 204,Goldens Bridge,,,,,,,co-op,true,Cedar Woods - unit 204 (co-op in Goldens Bridge),NY,Westchester,,,,,,,,,
cedar-woods-unit-209-co-op-in-goldens-bridge,Cedar Woods unit 209,Goldens Bridge,,,,,,,co-op,true,Cedar Woods - unit 209 (co-op in Goldens Bridge),NY,Westchester,,,,,,,,,
central-drive-219-briarcliff-manor,Central Drive,Briarcliff Manor,,,,,,,house,true,Central Drive (#219) - Briarcliff Manor,NY,Westchester,,,,,,assets/properties/central-drive-219-briarcliff-manor/01.jpg,219,,
cross-river-rd-66-pound-ridge,Cross River Rd,Pound Ridge,,,,,,,house,true,Cross River Rd (#66) - Pound Ridge,NY,Westchester,,,,,,,66,,
dogwood-lane-1-pound-ridge,Dogwood Lane,Pound Ridge,,,,,,,house,true,Dogwood Lane (#1) - Pound Ridge,NY,Westchester,,,,,,,1,,
harriet-lane-3-goldens-bridge,Harriet Lane,Goldens Bridge,,,,,,,house,true,Harriet Lane (#3) - Goldens Bridge,NY,Westchester,,,,,,assets/properties/harriet-lane-3-goldens-bridge/01.jpg,3,,
henker-farm-lane-1-armonk,Henker Farm Lane,Armonk,,,,,,,house,true,Henker Farm Lane (#1) - Armonk,NY,Westchester,,,,,,assets/properties/henker-farm-lane-1-armonk/01.jpg,1,,
henker-farm-lane-2-armonk,Henker Farm Lane,Armonk,,,,,,,house,true,Henker Farm Lane (#2) - Armonk,NY,Westchester,,,,,,assets/properties/henker-farm-lane-2-armonk/01.jpg,2,,
heritage-hills-unit-425-d,Heritage Hills unit 425-D,,,,,,,,house,true,Heritage Hills - unit 425-D,NY,Westchester,,,,,,,,town-unknown:heritage-hills-complex,
kings-grant-way-3-waccabuc,Kings Grant Way,Waccabuc,,,,,,,house,true,Kings Grant Way (#3) - Waccabuc,NY,Westchester,,,,,,assets/properties/kings-grant-way-3-waccabuc/01.jpg,3,,
laurie-lane-13-south-salem,Laurie Lane,South Salem,,,,,,,house,true,Laurie Lane (#13) - South Salem,NY,Westchester,,,,,,,13,,
ledgewood-lane-11-south-salem,Ledgewood Lane,South Salem,,,,,,,house,true,Ledgewood Lane (#11) - South Salem,NY,Westchester,,,,,,assets/properties/ledgewood-lane-11-south-salem/01.jpg,11,,
london-rd-11-pound-ridge,London Rd,Pound Ridge,,,,,,,house,true,London Rd (#11) - Pound Ridge,NY,Westchester,,,,,,assets/properties/london-rd-11-pound-ridge/01.jpg,11,,
main-st-126-south-salem,Main St,South Salem,,,,,,,house,true,Main St (#126) - South Salem,NY,Westchester,,,,,,,126,,
main-st-171-south-salem-1981,Main St,South Salem,,,,,,,house,true,Main St (#171) - South Salem - 1981,NY,Westchester,,,,,,assets/properties/main-st-171-south-salem-1981/01.jpg,171,,
main-st-183-south-salem,Main St,South Salem,,,,,,,house,true,Main St (#183) - South Salem,NY,Westchester,,,,,,,183,,
major-tallmadge-lane-23-pound-ridge,Major Tallmadge Lane,Pound Ridge,,,,,,,house,true,Major Tallmadge Lane (#23) - Pound Ridge,NY,Westchester,,,,,,assets/properties/major-tallmadge-lane-23-pound-ridge/01.jpg,23,,
meadows-131-woodcock-knoll,Meadows 131 Woodcock Knoll,,,,,,,,house,true,Meadows - 131 Woodcock Knoll,NY,Westchester,,,,,,,,town-unknown:the-meadows-complex,
meadows-140-woodcock-knoll,Meadows 140 Woodcock Knoll,,,,,,,,house,true,Meadows - 140 Woodcock Knoll,NY,Westchester,,,,,,,,town-unknown:the-meadows-complex,
meadows-42-winterberry-circle,Meadows 42 Winterberry Circle,,,,,,,,house,true,Meadows - 42 Winterberry Circle,NY,Westchester,,,,,,assets/properties/meadows-42-winterberry-circle/01.jpg,,town-unknown:the-meadows-complex,
meadows-5-briar-court,Meadows 5 Briar Court,,,,,,,,house,true,Meadows - 5 Briar Court,NY,Westchester,,,,,,assets/properties/meadows-5-briar-court/01.jpg,,town-unknown:the-meadows-complex,
meadows-51-winterberry-circle,Meadows 51 Winterberry Circle,,,,,,,,house,true,Meadows - 51 Winterberry Circle,NY,Westchester,,,,,,,,town-unknown:the-meadows-complex,
meadows-6-briar-court,Meadows 6 Briar Court,,,,,,,,house,true,Meadows - 6 Briar Court,NY,Westchester,,,,,,assets/properties/meadows-6-briar-court/01.jpg,,town-unknown:the-meadows-complex,
meadows-92-locust-ridge,Meadows 92 Locust Ridge,,,,,,,,house,true,Meadows - 92 Locust Ridge,NY,Westchester,,,,,,,,town-unknown:the-meadows-complex,
meeting-house-rd-110-mt-kisco,Meeting House Rd,Mt Kisco,,,,,,,house,true,Meeting House Rd (#110) - Mt Kisco,NY,Westchester,,,,,,,110,,
morris-court-5-rye,Morris Court,Rye,,,,,,,house,true,Morris Court (5) - Rye,NY,Westchester,,,,,,assets/properties/morris-court-5-rye/01.jpg,5,,
morris-court-7-rye,Morris Court,Rye,,,,,,,house,true,Morris Court (7) - Rye,NY,Westchester,,,,,,assets/properties/morris-court-7-rye/01.jpg,7,,
mount-holly-rd-240-katonah,Mount Holly Rd,Katonah,,,,,,,house,true,Mount Holly Rd (#240) - Katonah,NY,Westchester,,,,,,assets/properties/mount-holly-rd-240-katonah/01.jpg,240,,
oakridge-condos-3-oakridge-drive,3 Oakridge Drive,South Salem,,,2,2,1312,1983,condo,false,Oakridge condos - 3 Oakridge Drive,NY,Westchester,10590,,Heat Pump Air,Assigned,,assets/properties/oakridge-condos-3-oakridge-drive/01.jpg,,,wp:40
old-pond-rd-19-south-salem,Old Pond Rd,South Salem,,,,,,,house,true,Old Pond Rd (#19) - South Salem,NY,Westchester,,,,,,,19,,
pamela-lane-9-south-salem,Pamela Lane,South Salem,,,,,,,house,true,Pamela Lane (#9) - South Salem,NY,Westchester,,,,,,,9,,
quarry-lane-14-bedford,Quarry Lane,Bedford,,,,,,,house,true,Quarry Lane (#14) - Bedford,NY,Westchester,,,,,,,14,,
ridgefield-ave-159-south-salem,Ridgefield Ave,South Salem,,,,,,,house,true,Ridgefield Ave (#159) - South Salem,NY,Westchester,,,,,,,159,,
roads-end-rd-7-south-salem,Roads End Rd,South Salem,,,,,,,house,true,Roads End Rd (#7) - South Salem,NY,Westchester,,,,,,,7,,
salem-rd-225-pound-ridge,Salem Rd,Pound Ridge,,,,,,,house,true,Salem Rd (#225 ) - Pound Ridge,NY,Westchester,,,,,,,225,,
salem-rd-264-pound-ridge,Salem Rd,Pound Ridge,,,,,,,house,true,Salem Rd (#264) - Pound Ridge,NY,Westchester,,,,,,,264,,
salem-rd-266-pound-ridge,Salem Rd,Pound Ridge,,,,,,,house,true,Salem Rd (#266) - Pound Ridge,NY,Westchester,,,,,,,266,,
samuel-dann-way-14-pound-ridge,Samuel Dann Way,Pound Ridge,,,,,,,house,true,Samuel Dann Way (#14) - Pound Ridge,NY,Westchester,,,,,,,14,,
silver-spring-lane-20-ridgefield-ct,Silver Spring Lane,Ridgefield,,,,,,,house,true,"Silver Spring Lane (#20) - Ridgefield, CT",CT,,,,,,,,20,out-of-state:CT,
siscowit-rd-24-pound-ridge,Siscowit Rd,Pound Ridge,,,,,,,house,true,Siscowit Rd (#24) - Pound Ridge,NY,Westchester,,,,,,,24,,
smith-ridge-rd-127-south-salem,Smith Ridge Rd,South Salem,,,,,,,house,true,Smith Ridge Rd (#127) - South Salem,NY,Westchester,,,,,,,127,,
smith-ridge-rd-169-south-salem,Smith Ridge Rd,South Salem,,,,,,,house,true,Smith Ridge Rd (#169) - South Salem,NY,Westchester,,,,,,,169,,
springhurst-rd-100-bedford,Springhurst Rd,Bedford,,,,,,,house,true,Springhurst Rd (#100) - Bedford,NY,Westchester,,,,,,,100,,
stone-hedge-circle-3-bedford,Stone Hedge Circle,Bedford,,,,,,,house,true,Stone Hedge Circle (#3) - Bedford,NY,Westchester,,,,,,,3,,
tall-pines-dr-15-mt-kisco,Tall Pines Dr,Mt Kisco,,,,,,,house,true,Tall Pines Dr (#15) - Mt Kisco,NY,Westchester,,,,,,,15,,
thornbrook-lane-11-bedford,Thornbrook Lane,Bedford,,,,,,,house,true,Thornbrook Lane (#11) - Bedford,NY,Westchester,,,,,,,11,,
thornbrook-lane-15-bedford,Thornbrook Lane,Bedford,,,,,,,house,true,Thornbrook Lane (#15) - Bedford,NY,Westchester,,,,,,,15,,
thornbrook-lane-17-bedford,Thornbrook Lane,Bedford,,,,,,,house,true,Thornbrook Lane (#17) - Bedford,NY,Westchester,,,,,,,17,,
thornbrook-lane-9-bedford,Thornbrook Lane,Bedford,,,,,,,house,true,Thornbrook Lane (#9) - Bedford,NY,Westchester,,,,,,,9,,
titicus-rd-752-north-salem,Titicus Rd,North Salem,,,,,,,house,true,Titicus Rd (#752) - North Salem,NY,Westchester,,,,,,,752,,
todd-rd-76-katonah,Todd Rd,Katonah,,,,,,,house,true,Todd Rd (#76) - Katonah,NY,Westchester,,,,,,,76,,
wampus-court-4-somers-2000,Wampus Court,Somers,,,,,,,house,true,Wampus Court (#4) - Somers - 2000,NY,Westchester,,,,,,,4,,
wampus-court-6-somers-2000,Wampus Court,Somers,,,,,,,house,true,Wampus Court (#6) - Somers - 2000,NY,Westchester,,,,,,,6,,
west-st-599-harrison,West St,Harrison,,,,,,,house,true,West St (#599) - Harrison,NY,Westchester,,,,,,,599,,
woodway-rd-7-south-salem,Woodway Rd,South Salem,,,,,,,house,true,Woodway Rd (#7) - South Salem,NY,Westchester,,,,,,,7,,
